,City,Country,Lat,Lng,Max Temp,Humidity,Cloudiness,Wind Speed,Current Description
0,Aswan,EG,24.0934,32.907,79.3,31,2,11.54,clear sky
1,Berlevag,NO,70.8578,29.0864,37.4,74,63,6.58,broken clouds
2,Puerto Lempira,HN,15.2667,-83.7667,76.84,89,76,7.81,broken clouds
3,Pedra Azul,BR,-16.0053,-41.2972,61.88,82,0,3.6,clear sky
4,Saint-Augustin,CA,51.226,-58.6502,52.02,96,100,19.95,overcast clouds
5,Synya,RU,65.3718,58.0387,40.98,84,100,6.24,overcast clouds
6,Svetlyy,RU,54.675,20.1347,53.65,85,100,13.89,moderate rain
7,Khislavichi,RU,54.1871,32.1582,36.66,95,1,5.86,clear sky
8,Totness,SR,5.8833,-56.3167,80.02,84,0,11.07,clear sky
9,Bagotville,AU,-28.9833,153.4167,68.63,63,32,12.97,scattered clouds
10,Poretskoye,RU,55.1974,46.3291,46.63,77,99,6.69,overcast clouds
11,Kerman,IR,30.2832,57.0788,74.7,6,0,1.5,clear sky
12,Rockland,US,41.1668,-74.0496,74.64,81,100,3.69,overcast clouds
13,Aulnoye-Aymeries,FR,50.2014,3.8384,53.28,95,4,2.39,clear sky
14,Comodoro Rivadavia,AR,-45.8667,-67.5,51.37,63,38,9.06,scattered clouds
15,Yekimovichi,RU,54.1129,33.2965,36.81,95,5,4.47,clear sky
16,Kalaleh,IR,37.3807,55.4916,77.09,67,2,2.77,clear sky
17,Epe,NG,6.5841,3.9834,73.51,96,41,2.64,scattered clouds
18,Kaunas,LT,54.9,23.9,46.58,87,90,6.91,overcast clouds
19,Daphne,US,30.6035,-87.9036,77.56,87,90,11.5,overcast clouds
20,Los Llanos De Aridane,ES,28.6585,-17.9182,71.35,78,0,11.5,clear sky
21,Erie,US,42.7667,-78.6664,59.13,94,83,2.06,broken clouds
22,Rundu,NA,-17.9333,19.7667,63.0,22,2,4.34,clear sky
23,Police,PL,53.5521,14.5718,65.53,99,99,1.01,overcast clouds
24,Kharitonovo,RU,61.4009,47.4978,42.21,92,100,9.48,overcast clouds
25,Bulaevo,KZ,54.9056,70.4439,64.45,60,100,14.14,overcast clouds
26,Janauba,BR,-15.8025,-43.3089,74.77,28,0,3.89,clear sky
27,Aktau,KZ,43.65,51.2,64.98,37,0,9.28,clear sky
28,Strezhevoy,RU,60.7333,77.5889,46.38,96,100,12.19,overcast clouds
29,Hofn,IS,64.2539,-15.2082,52.03,96,97,9.73,overcast clouds
30,Honningsvag,NO,70.9821,25.9704,44.35,76,75,6.91,broken clouds
31,Brae,GB,60.3964,-1.353,55.31,95,100,5.86,overcast clouds
32,Saint-Francois,FR,46.4154,3.9054,63.84,100,75,1.14,broken clouds
33,Toamasina,MG,-18.1667,49.3833,70.25,83,71,1.3,light rain
34,Mananara,MG,-16.1667,49.7667,70.84,88,41,2.93,scattered clouds
35,Lasa,IT,46.6166,10.7002,63.01,94,99,2.28,overcast clouds
36,Nueva Imperial,CL,-38.7333,-72.95,40.91,95,13,0.92,few clouds
37,Barybino,RU,55.2677,37.8933,43.84,81,75,11.18,broken clouds
38,Camapua,BR,-19.5314,-54.0439,77.95,65,50,5.35,scattered clouds
39,Aleksandrov Gay,RU,50.147,48.5704,53.38,59,0,7.92,clear sky
40,Goryachegorsk,RU,55.4053,88.9154,59.86,62,96,5.17,overcast clouds
41,Necochea,AR,-38.5473,-58.7368,48.07,74,0,10.18,clear sky
42,Nuuk,GL,64.1835,-51.7216,34.41,64,40,9.22,scattered clouds
43,Bastia,FR,42.6667,9.3333,74.3,82,20,2.3,few clouds
44,Pisticci,IT,40.3906,16.5568,74.8,75,78,1.14,broken clouds
45,Mariel,CU,22.9875,-82.7536,75.34,81,100,8.21,light rain
46,Podyuga,RU,61.095,40.8647,39.24,86,100,6.93,overcast clouds
47,Jaragua,BR,-15.7569,-49.3344,77.94,24,5,0.54,clear sky
48,Cerkezkoy,TR,41.285,28.0003,64.58,94,20,10.36,mist
49,Knurow,PL,50.2197,18.6507,64.51,90,100,5.26,overcast clouds
50,Abu Dhabi,AE,24.4667,54.3667,89.58,55,80,8.3,broken clouds
51,Sirmaur,IN,24.85,81.3833,78.64,85,100,14.56,moderate rain
52,Pervomayskoye,RU,43.919,46.7102,69.15,55,0,4.23,clear sky
53,Jalu,LY,29.0331,21.5482,71.51,46,0,8.14,clear sky
54,Barela,IN,23.1,80.05,74.21,100,90,16.11,heavy intensity rain
55,Hithadhoo,MV,-0.6,73.0833,83.07,71,48,9.6,scattered clouds
56,Suaita,CO,6.1014,-73.4404,57.67,96,98,2.95,overcast clouds
57,Sandane,NO,61.7728,6.215,55.47,100,75,0.0,light rain
58,Khvastovichi,RU,53.4694,35.0941,39.34,90,6,4.29,clear sky
59,Moratuwa,LK,6.773,79.8816,78.82,79,99,9.17,moderate rain
60,Ivybridge,GB,50.3904,-3.9191,58.32,94,94,4.43,overcast clouds
61,Sernovodsk,RU,43.3117,45.1594,58.19,57,0,2.86,clear sky
62,Mizan Teferi,ET,6.9833,35.5833,62.73,83,91,2.62,overcast clouds
63,Goias,BR,-15.5807,-49.6362,79.81,22,15,1.83,few clouds
64,Ugra,RU,54.7777,34.3267,37.69,95,18,3.36,few clouds
65,Chhatarpur,IN,24.9,79.6,75.7,95,100,4.81,overcast clouds
66,Nassjo,SE,57.6531,14.6968,52.29,96,100,14.65,light rain
67,Gazojak,TM,41.1875,61.4036,79.56,12,0,7.58,clear sky
68,Mahajanga,MG,-15.7167,46.3167,75.22,22,20,8.05,few clouds
69,Port Hawkesbury,CA,45.6169,-61.3485,66.18,88,75,5.01,broken clouds
70,Puerto Madryn,AR,-42.7692,-65.0385,54.88,51,4,13.56,clear sky
71,Fecamp,FR,49.7579,0.3746,54.48,92,100,5.75,overcast clouds
72,Morondava,MG,-20.2833,44.2833,73.72,67,3,3.89,clear sky
73,Mercedes,AR,-34.6515,-59.4307,56.86,61,0,7.78,clear sky
74,Treuchtlingen,DE,48.95,10.9167,61.48,96,96,3.65,overcast clouds
75,Sept-Iles,CA,50.2001,-66.3821,52.32,98,90,5.75,light intensity drizzle
76,Busselton,AU,-33.65,115.3333,54.09,71,83,23.38,broken clouds
77,Kurchum,KZ,48.5722,83.6542,68.56,15,100,4.07,overcast clouds
78,Uren,RU,57.4552,45.7852,41.29,87,100,8.99,overcast clouds
79,Ust-Shonosha,RU,61.1531,41.343,39.65,86,100,7.72,overcast clouds
80,Nouadhibou,MR,20.931,-17.0347,72.21,81,1,21.85,clear sky
81,Zhezkazgan,KZ,47.8043,67.7144,68.81,28,32,4.83,scattered clouds
82,Ginir,ET,7.1333,40.7,60.69,75,100,3.04,overcast clouds
83,Fernandina Beach,US,30.6697,-81.4626,81.97,84,40,5.01,scattered clouds
84,Progreso,MX,21.2833,-89.6667,82.51,84,98,11.39,overcast clouds
85,Donskoye,RU,45.4552,41.9741,62.73,45,71,6.42,broken clouds
86,Chabahar,IR,25.2919,60.643,84.81,61,100,2.91,overcast clouds
87,Hamilton,US,39.1834,-84.5333,67.77,89,0,3.85,clear sky
88,Viterbo,IT,42.4167,12.0833,69.4,81,91,3.2,overcast clouds
89,Moengo,SR,5.6167,-54.4,74.57,95,10,2.08,clear sky
90,Saldanha,ZA,-33.0117,17.9442,54.81,85,0,20.92,clear sky
91,Cap-Aux-Meules,CA,47.3821,-61.8597,61.72,86,100,32.08,moderate rain
92,Road Town,VG,18.4167,-64.6167,82.2,77,99,20.2,overcast clouds
93,Mirzapur,IN,25.15,82.5833,76.96,88,100,10.78,light rain
94,Dalvik,IS,65.9702,-18.5286,52.72,83,100,12.91,overcast clouds
95,Quelimane,MZ,-17.8786,36.8883,70.36,71,6,5.19,clear sky
96,Rawatbhata,IN,24.9333,75.5833,78.73,84,77,6.67,broken clouds
97,Horasan,TR,40.0458,42.1728,59.52,37,0,0.16,clear sky
98,Onega,RU,63.9061,38.1404,40.21,86,99,6.49,overcast clouds
99,Ruwi,OM,23.5996,58.5507,91.09,39,98,1.77,overcast clouds
100,Geraldton,AU,-28.7667,114.6,65.12,59,40,17.27,scattered clouds
101,Goure,NE,13.9835,10.2704,82.02,48,22,5.7,few clouds
102,Grand Gaube,MU,-20.0064,57.6608,69.39,90,81,1.99,light rain
103,Tatawin,TN,32.9297,10.4518,73.27,48,7,3.62,clear sky
104,Thompson,CA,55.7435,-97.8558,49.33,85,95,12.33,overcast clouds
105,Jonava,LT,55.0833,24.2833,48.11,87,90,6.91,overcast clouds
106,Bahia Blanca,AR,-38.7196,-62.2724,51.28,49,0,8.88,clear sky
107,Dustlik,UZ,40.5247,68.0358,80.33,16,0,3.53,clear sky
108,Aurich,DE,53.4667,7.4833,59.94,100,40,8.05,scattered clouds
109,Narsaq,GL,60.9167,-46.05,34.02,48,34,4.7,scattered clouds
110,Bakal,RU,54.9417,58.8083,37.78,92,84,8.79,broken clouds
111,Saint-Pierre,RE,-21.3393,55.4781,73.29,62,75,5.75,broken clouds
112,Port Elizabeth,ZA,-33.918,25.5701,52.11,80,66,10.27,broken clouds
113,Navalcarnero,ES,40.2891,-4.012,64.38,67,89,5.68,overcast clouds
114,Bouca,CF,6.5105,18.2733,70.02,97,100,1.36,overcast clouds
115,Sarai,RU,53.7458,41.0213,44.56,74,99,9.19,light rain
116,Murrhardt,DE,48.9819,9.5705,63.81,94,100,2.19,overcast clouds
117,Hobyo,SO,5.3505,48.5268,78.91,84,95,21.18,overcast clouds
118,Decatur,US,39.8403,-88.9548,64.26,66,0,7.2,clear sky
119,Saryagash,KZ,41.4511,69.1701,75.16,15,0,3.0,clear sky
120,Dingle,PH,10.9995,122.6711,86.09,68,77,8.48,light rain
121,Baghdad,IQ,33.3406,44.4009,84.24,25,0,12.21,clear sky
122,Eregli,TR,37.5133,34.0467,56.66,82,7,2.68,clear sky
123,Luangwa,ZM,-15.6167,30.4167,66.83,42,34,1.41,scattered clouds
124,Listvyagi,RU,53.6772,86.951,62.92,47,92,3.56,overcast clouds
125,Sergeyevka,KZ,53.88,67.4158,64.58,57,93,13.85,overcast clouds
126,Harvard,US,42.4222,-88.6137,64.18,81,0,8.01,clear sky
127,Asfi,MA,32.2994,-9.2372,69.13,86,0,8.3,clear sky
128,Colonia,DE,50.9333,6.95,58.93,89,20,3.44,few clouds
129,Dakar,SN,14.6937,-17.4441,73.53,100,40,21.85,scattered clouds
130,Arinos,BR,-15.9169,-46.1056,75.27,30,0,1.32,clear sky
131,Orel-Izumrud,RU,43.4583,39.9244,69.82,88,90,8.95,light intensity shower rain
132,Nanortalik,GL,60.1432,-45.2371,38.26,79,29,10.47,scattered clouds
133,Middletown,US,39.5151,-84.3983,67.46,87,1,3.44,clear sky
134,Bytosh,RU,53.8186,34.0912,39.36,92,6,4.03,clear sky
135,Peniche,PT,39.3558,-9.3811,69.3,90,30,12.88,scattered clouds
136,Jumla,NP,29.2747,82.1838,61.83,92,100,2.26,overcast clouds
137,Inegol,TR,40.0781,29.5133,58.28,77,100,2.73,overcast clouds
138,Mahebourg,MU,-20.4081,57.7,69.26,78,72,9.26,light rain
139,Akcakoca,TR,41.0866,31.1162,62.02,89,100,1.88,overcast clouds
140,Normandin,CA,48.8333,-72.5321,49.12,88,66,4.99,broken clouds
141,Lluta,PE,-16.0147,-72.0142,50.4,47,92,3.04,overcast clouds
142,Sohag,EG,26.557,31.6948,76.23,44,0,9.46,clear sky
143,Chardara,KZ,41.2547,67.9692,78.12,24,0,5.75,clear sky
144,Puerto Carreno,CO,6.189,-67.4859,74.07,88,100,5.3,overcast clouds
145,Paamiut,GL,61.994,-49.6678,37.63,74,93,9.06,overcast clouds
146,Mangrol,IN,21.1167,70.1167,81.9,87,98,17.05,overcast clouds
147,Sobreira,PT,41.5237,-7.8023,59.59,94,3,4.09,clear sky
148,Monze,ZM,-16.2833,27.4833,68.45,31,7,3.94,clear sky
149,Macedo De Cavaleiros,PT,41.5382,-6.9611,59.61,82,5,2.73,clear sky
150,Busayra,JO,30.7376,35.6078,61.66,87,4,3.13,clear sky
151,Oneonta,US,42.4529,-75.0638,65.08,89,100,2.42,moderate rain
152,Peachtree City,US,33.3968,-84.5958,70.48,93,100,7.9,moderate rain
153,Lorca,ES,37.6712,-1.7017,70.63,75,1,3.76,clear sky
154,Kjustendil,BG,42.2839,22.6911,58.06,58,1,2.44,clear sky
155,Novyy Urengoy,RU,66.0833,76.6333,42.67,81,93,4.76,overcast clouds
156,Ajdabiya,LY,30.7554,20.2263,70.29,73,0,6.67,clear sky
157,Veliki Trnovac,RS,42.4767,21.7405,60.64,59,38,0.72,scattered clouds
158,Harnosand,SE,62.6323,17.9379,45.0,74,98,4.9,overcast clouds
159,Qaanaaq,GL,77.484,-69.3632,14.92,74,82,8.39,broken clouds
160,Ovre Ardal,NO,61.3167,7.8,50.88,90,100,4.0,light rain
161,Douentza,ML,14.9951,-2.9517,81.88,62,98,7.76,overcast clouds
162,Ptghni,AM,40.2558,44.5841,63.63,42,0,3.58,clear sky
163,Proletarskiy,RU,50.7914,35.7731,42.89,69,15,6.62,few clouds
164,Chaman,PK,30.9236,66.4512,85.32,10,0,4.45,clear sky
165,Rognan,NO,67.0953,15.3878,46.06,82,89,8.28,overcast clouds
166,Loukhi,RU,66.0764,33.0381,38.03,92,94,4.97,overcast clouds
167,Sanary-Sur-Mer,FR,43.1178,5.8001,73.62,91,98,4.0,overcast clouds
168,Marrakesh,MA,31.6315,-8.0083,69.87,73,75,6.91,broken clouds
169,Farakka,IN,24.8167,87.9,86.31,73,92,4.83,overcast clouds
170,Rudozem,BG,41.4833,24.85,52.75,67,3,4.41,clear sky
171,Bambous Virieux,MU,-20.3428,57.7575,69.22,78,79,8.75,light rain
172,Obninsk,RU,55.0969,36.6103,41.25,84,47,5.64,scattered clouds
173,Khabary,RU,53.6259,79.5345,66.0,31,97,10.09,overcast clouds
174,Torrevieja,ES,37.9787,-0.6822,74.08,83,5,7.18,clear sky
175,San Jose,US,37.3394,-121.895,64.78,79,1,9.22,clear sky
176,Bonavista,CA,48.6499,-53.1147,50.11,74,100,19.08,overcast clouds
177,Talcahuano,CL,-36.7167,-73.1167,47.88,87,0,3.44,clear sky
178,Sungurlu,TR,40.1675,34.3739,59.16,85,100,5.01,light rain
179,Guiratinga,BR,-16.3494,-53.7583,77.29,52,8,2.66,clear sky
180,Monte Carmelo,BR,-18.7247,-47.4986,74.17,29,3,5.59,clear sky
181,Sinop,TR,41.7711,34.8709,59.43,92,100,3.4,overcast clouds
182,Yantarnyy,RU,54.8717,19.9381,53.46,84,100,18.9,light rain
183,Brindisi,IT,40.5833,17.6667,76.14,48,97,2.64,overcast clouds
184,Pisco,PE,-13.7,-76.2167,61.02,82,85,9.22,overcast clouds
185,Caceres,ES,39.522,-6.3748,59.81,78,4,2.26,clear sky
186,Diffa,NE,13.3154,12.6113,83.28,55,21,6.87,few clouds
187,Aksarka,RU,66.5606,67.7975,41.7,85,95,13.15,overcast clouds
188,Mascote,BR,-15.5631,-39.3025,66.16,99,19,1.99,few clouds
189,Quirinopolis,BR,-18.4483,-50.4517,81.82,24,29,3.69,scattered clouds
190,Awjilah,LY,29.1081,21.2869,71.82,44,0,8.01,clear sky
191,At-Bashi,KG,41.1702,75.8106,64.09,22,9,1.86,clear sky
192,Kasimov,RU,54.9411,41.3953,41.38,85,91,9.33,overcast clouds
193,Sisimiut,GL,66.9395,-53.6735,34.02,63,15,7.49,few clouds
194,Ozerki,RU,57.6167,39.8833,39.22,87,40,6.71,scattered clouds
195,Ugoofaaru,MV,5.6667,73.0,81.91,78,87,10.45,overcast clouds
196,Bahia Honda,CU,22.9036,-83.1592,77.9,85,98,4.47,light rain
197,Zaragoza,ES,41.6561,-0.8773,68.45,74,20,7.0,few clouds
198,Zlocieniec,PL,53.5329,16.0113,63.05,98,100,5.88,overcast clouds
199,Termoli,IT,41.9888,14.9895,73.83,54,99,7.43,overcast clouds
200,Uthal,PK,25.8072,66.6219,93.0,53,0,3.02,clear sky
201,Jamestown,US,42.097,-79.2353,59.09,96,1,1.01,clear sky
202,Vila Franca Do Campo,PT,37.7167,-25.4333,64.81,81,0,1.36,clear sky
203,Rieti,IT,42.4072,12.8592,69.39,57,67,3.22,broken clouds
204,Nassau,US,40.7507,-73.5829,76.68,91,20,1.99,few clouds
205,Salalah,OM,17.0151,54.0924,80.37,86,100,2.1,overcast clouds
206,Beyneu,KZ,45.3167,55.2,71.76,33,0,1.61,clear sky
207,Moskovskiy,RU,55.5991,37.355,43.7,90,90,8.95,overcast clouds
208,Zverinogolovskoye,RU,54.4586,64.8542,58.01,62,82,10.54,broken clouds
209,Slavonice,CZ,48.9975,15.3515,64.98,94,99,4.63,light rain
210,Henderson,US,36.0397,-114.9819,93.22,14,1,0.0,clear sky
211,Mahon,ES,39.8885,4.2658,72.16,78,0,4.61,light rain
212,Waycross,US,31.2136,-82.354,76.87,100,90,0.0,overcast clouds
213,Marlborough,NZ,-41.6667,173.5,53.06,48,100,6.71,overcast clouds
214,Brewster,US,41.3973,-73.6171,74.3,89,20,0.0,few clouds
215,Yar-Sale,RU,66.8333,70.8333,41.43,88,97,9.66,overcast clouds
216,Arona,ES,28.0996,-16.681,68.31,66,20,4.61,few clouds
217,Wilmington,US,34.2257,-77.9447,78.85,88,59,4.79,broken clouds
218,Olean,US,42.0776,-78.4297,61.09,100,1,0.0,clear sky
219,Nikolsk,RU,53.7189,46.0712,45.21,89,100,7.63,overcast clouds
220,Bandarbeyla,SO,9.4942,50.8122,80.62,71,94,24.29,overcast clouds
221,Santo Antonio Do Leverger,BR,-15.8656,-56.0767,82.78,56,10,4.54,clear sky
222,Liverpool,GB,53.4106,-2.9779,60.58,94,54,5.75,light intensity drizzle
223,Cap Malheureux,MU,-19.9842,57.6142,69.48,90,77,1.99,light rain
224,Alcaniz,ES,41.05,-0.1333,68.43,77,90,2.21,light rain
225,Paramaribo,SR,5.8667,-55.1667,79.92,88,4,8.37,clear sky
226,Kamenka,RU,51.3223,42.7678,45.46,69,13,5.99,few clouds
227,Mattru,SL,7.6244,-11.8332,71.94,99,100,2.26,overcast clouds
228,Seydi,TM,39.4816,62.9137,82.45,10,0,8.84,clear sky
229,Chesma,RU,53.8111,60.6533,49.57,57,5,13.89,clear sky
230,Kajaani,FI,64.2273,27.7285,41.05,75,90,4.61,overcast clouds
231,Aksu,CN,41.1231,80.2644,76.19,29,64,3.94,broken clouds
232,Huarmey,PE,-10.0681,-78.1522,61.95,85,91,9.86,overcast clouds
233,Andros Town,BS,24.7,-77.7667,78.76,68,0,5.93,clear sky
234,Mursalimkino,RU,55.0379,58.5585,40.15,92,79,9.64,broken clouds
235,Alexandria,EG,31.2156,29.9553,77.27,57,0,14.38,clear sky
236,Tara,RU,56.8944,74.371,57.96,67,96,8.95,overcast clouds
237,Tasiilaq,GL,65.6145,-37.6368,39.36,96,99,6.46,overcast clouds
238,Tiznit,MA,29.5833,-9.5,63.66,90,71,4.54,broken clouds
239,Svencionys,LT,55.15,26.1667,39.85,89,11,5.28,few clouds
240,Baran,IN,25.1,76.5167,76.46,92,100,8.21,overcast clouds
241,Peski,RU,55.2163,38.7626,44.56,87,74,9.17,broken clouds
242,Ondjiva,AO,-17.0667,15.7333,60.42,28,2,5.01,clear sky
243,Cape Town,ZA,-33.9258,18.4232,54.88,86,17,5.01,few clouds
244,Porto Novo,BJ,6.4965,2.6036,74.25,93,100,3.91,overcast clouds
245,Tikamgarh,IN,24.745,78.8333,74.48,97,100,7.83,overcast clouds
246,Mugur-Aksy,RU,50.35,90.5,53.83,22,89,4.05,overcast clouds
247,Heinola,FI,61.2056,26.0381,41.09,72,96,2.84,overcast clouds
248,Sharan,RU,54.8167,54.0,44.94,72,99,14.0,overcast clouds
249,Kommunisticheskiy,RU,61.6789,64.4819,41.86,95,100,13.09,overcast clouds
250,Pasni,PK,25.2631,63.471,84.47,64,14,3.8,few clouds
251,Kyzyl-Suu,KG,42.3414,78.0056,65.57,28,89,5.06,overcast clouds
252,Savinka,RU,50.0785,47.0994,52.93,59,0,6.13,clear sky
253,San Carlos De Bariloche,AR,-41.1456,-71.3082,38.08,94,100,7.23,overcast clouds
254,Trud,BG,42.2333,24.7333,62.19,65,3,2.01,clear sky
255,Polunochnoye,RU,60.8697,60.4153,39.83,98,100,10.25,overcast clouds
256,Bathsheba,BB,13.2167,-59.5167,81.07,81,21,14.92,few clouds
257,Vranjska Banja,RS,42.555,21.9922,60.87,55,15,4.0,few clouds
258,Sile,TR,41.1754,29.6133,66.87,79,91,5.61,overcast clouds
259,Teya,RU,60.3778,92.6267,45.93,76,81,1.81,broken clouds
260,Pangnirtung,CA,66.1451,-65.7125,35.31,69,100,0.6,overcast clouds
261,Belmonte,BR,-15.8631,-38.8828,75.7,87,1,7.61,clear sky
262,Ormara,PK,25.2088,64.6357,84.94,69,5,2.59,clear sky
263,Jackson,US,42.4165,-122.8345,70.75,42,0,3.24,clear sky
264,Cockburn Town,TC,21.4612,-71.1419,83.25,79,87,15.57,overcast clouds
265,Snina,SK,48.9886,22.151,57.79,91,77,3.6,broken clouds
266,Lancut,PL,50.0687,22.2291,54.97,100,99,2.3,mist
267,Hammelburg,DE,50.1167,9.9,65.05,95,100,6.11,overcast clouds
268,Altoona,US,40.5187,-78.3947,67.89,93,100,1.05,overcast clouds
269,Korla,CN,41.7597,86.1469,79.38,23,68,6.53,broken clouds
270,Key Largo,US,25.0865,-80.4473,79.0,70,5,7.36,clear sky
271,Mar Del Plata,AR,-38.0023,-57.5575,46.42,81,0,8.05,clear sky
272,Gibraleon,ES,37.3763,-6.969,67.01,71,1,4.27,clear sky
273,Riyadh,SA,24.6877,46.7219,73.54,18,91,8.01,overcast clouds
274,Leshukonskoye,RU,64.8989,45.7622,38.08,90,100,5.79,overcast clouds
275,Muros,ES,42.7762,-9.0603,63.23,90,7,8.52,clear sky
276,Tenenkou,ML,14.4572,-4.9169,79.25,70,100,4.36,overcast clouds
277,Heywood,GB,53.5924,-2.2194,60.01,90,43,2.28,scattered clouds
278,Mastic Beach,US,40.7668,-72.8521,76.03,89,20,11.01,few clouds
279,San Joaquin,US,37.9333,-121.3011,75.52,58,1,12.66,clear sky
280,Salinopolis,BR,-0.6136,-47.3561,78.08,87,1,7.87,clear sky
281,Nesna,NO,66.1967,13.0213,51.91,72,98,17.05,overcast clouds
282,Pasinler,TR,39.9803,41.6764,47.39,46,0,0.36,clear sky
283,Shubarkuduk,KZ,49.1447,56.4872,63.3,38,14,13.82,few clouds
284,Gornyy,RU,55.1153,83.9059,62.8,54,100,9.06,overcast clouds
285,Asyut,EG,27.181,31.1837,74.89,57,0,8.46,clear sky
286,Vardo,NO,70.3705,31.1107,34.0,76,96,3.58,overcast clouds
287,Newark,US,40.7357,-74.1724,76.95,77,75,4.61,broken clouds
288,Luderitz,NA,-26.6481,15.1594,50.16,70,0,18.48,clear sky
289,Bhinmal,IN,25.0,72.25,86.23,69,1,3.62,clear sky
290,Orangeburg,US,33.4918,-80.8557,72.91,95,1,4.61,clear sky
291,Hit,IQ,33.6416,42.8251,81.3,35,0,9.15,clear sky
292,Palencia,ES,42.4167,-4.5,58.44,86,100,9.19,overcast clouds
293,Abu Samrah,SY,35.3029,37.1841,68.31,78,0,7.83,clear sky
294,Iqaluit,CA,63.7506,-68.5145,35.33,93,90,3.44,light rain
295,Eyl,SO,7.9803,49.8164,80.29,72,96,18.34,overcast clouds
296,Harlingen,US,26.1906,-97.6961,82.89,92,75,4.61,broken clouds
297,Mount Pleasant,US,32.7941,-79.8626,77.0,94,1,1.99,clear sky
298,Sanchor,IN,24.7553,71.7722,86.11,70,1,10.29,clear sky
299,Saint-Ambroise,CA,48.5501,-71.3324,53.58,81,100,3.11,overcast clouds
300,Ballina,AU,-28.8667,153.5667,69.98,63,34,14.36,scattered clouds
301,Panjakent,TJ,39.4952,67.6093,66.0,15,0,0.6,clear sky
302,Disna,BY,55.568,28.1971,37.58,90,11,4.97,few clouds
303,Penzance,GB,50.1186,-5.5371,58.21,83,52,8.86,broken clouds
304,Cine,TR,37.6117,28.0614,67.1,69,96,3.09,overcast clouds
305,Jaroslaw,PL,50.0162,22.6778,53.51,77,96,7.18,overcast clouds
306,Varhaug,NO,58.6147,5.6457,56.75,84,100,7.74,overcast clouds
307,Jhelum,PK,32.9331,73.7264,87.87,51,0,5.19,clear sky
308,Mizdah,LY,31.4451,12.9801,67.77,45,0,4.97,clear sky
309,Okoneshnikovo,RU,54.8377,75.0834,63.23,58,63,15.12,broken clouds
310,Biga,TR,40.2281,27.2422,62.2,87,67,1.81,broken clouds
311,Plovdiv,BG,42.15,24.75,62.28,72,3,0.0,clear sky
312,Vadinsk,RU,53.6916,43.0574,45.12,76,74,10.87,broken clouds
313,Georgetown,MY,5.4112,100.3354,89.53,66,20,6.91,few clouds
314,Ventspils,LV,57.3894,21.5606,42.73,100,0,5.75,clear sky
315,Muzhi,RU,65.3667,64.6667,42.15,82,89,13.71,overcast clouds
316,Tornio,FI,65.8481,24.1466,37.42,77,100,5.1,overcast clouds
317,Kargasok,RU,59.0556,80.8572,45.84,98,100,12.01,overcast clouds
318,Susehri,TR,40.1644,38.0867,57.47,91,56,2.35,broken clouds
319,Kalmunai,LK,7.4167,81.8167,87.24,60,85,3.56,overcast clouds
320,Bengkulu,ID,-3.8004,102.2655,84.76,67,16,6.44,few clouds
321,Hermanus,ZA,-34.4187,19.2345,51.91,78,97,8.95,overcast clouds
322,Clarence Town,AU,-32.5833,151.7833,63.61,61,78,4.45,broken clouds
323,Saint George,US,37.1041,-113.5841,86.95,16,1,7.0,clear sky
324,Makat,KZ,47.6469,53.3463,67.68,29,0,8.66,clear sky
325,Anzio,IT,41.4853,12.6179,73.31,88,97,7.67,overcast clouds
326,Chittaurgarh,IN,24.8833,74.6333,81.12,76,33,4.05,scattered clouds
327,Krasnoarmeysk,RU,51.0239,45.6969,49.06,67,1,8.34,clear sky
328,Santiago,CL,-33.4569,-70.6483,49.15,62,0,1.14,clear sky
329,Quatre Cocos,MU,-20.2078,57.7625,69.1,78,89,8.01,light rain
330,Muscat,OM,23.6139,58.5922,91.42,42,98,1.81,overcast clouds
331,Lebu,CL,-37.6167,-73.65,46.63,86,0,6.24,clear sky
332,Adeje,ES,28.1227,-16.726,72.48,66,20,4.61,few clouds
333,Urbana,US,40.1106,-88.2073,64.04,69,1,1.01,clear sky
334,Arnedo,ES,42.2167,-2.1,63.59,84,9,7.96,clear sky
335,Lebork,PL,54.5392,17.7501,61.92,92,100,11.5,moderate rain
336,Bayir,TR,37.2687,28.2167,63.12,74,83,5.86,broken clouds
337,Kovernino,RU,57.1253,43.8142,40.35,84,80,7.76,broken clouds
338,Kalamazoo,US,42.2506,-85.55,59.32,72,1,0.0,clear sky
339,Varnamo,SE,57.186,14.04,55.71,94,100,8.01,overcast clouds
340,Adre,TD,13.4667,22.2,73.99,42,35,5.64,scattered clouds
341,Oni,GE,42.5794,43.4425,62.65,88,2,3.02,clear sky
342,Marsa Matruh,EG,31.3525,27.2453,76.5,57,0,13.0,clear sky
343,Esna,EG,25.2934,32.554,78.06,34,1,10.76,clear sky
344,Shenkursk,RU,62.1091,42.896,38.26,86,100,8.61,overcast clouds
345,Trebinje,BA,42.7119,18.3442,68.36,78,0,10.36,clear sky
346,Kimovsk,RU,53.9716,38.5319,42.3,78,84,7.49,broken clouds
347,Havelock,US,34.8791,-76.9013,80.94,90,63,3.44,broken clouds
348,Chivay,PE,-15.6383,-71.6011,50.23,52,100,2.73,overcast clouds
349,Xuddur,SO,4.1213,43.8894,74.5,75,68,15.68,broken clouds
350,Hakkari,TR,37.5833,44.1667,57.24,32,0,2.24,clear sky
351,Camara De Lobos,PT,32.6333,-16.9667,74.03,85,40,5.01,scattered clouds
352,Hwange,ZW,-18.3693,26.5019,70.34,38,9,2.71,clear sky
353,Teruel,ES,40.6667,-0.6667,57.16,77,99,1.28,overcast clouds
354,Llangefni,GB,53.2556,-4.3106,59.65,88,90,2.3,overcast clouds
355,Novyy Buyan,RU,53.6861,50.0469,46.56,63,97,6.11,overcast clouds
356,Margate,GB,51.3813,1.3862,57.69,91,36,4.34,scattered clouds
357,Rabo De Peixe,PT,37.8,-25.5833,63.91,88,20,3.44,few clouds
358,Lukovetskiy,RU,64.2956,41.9211,35.58,94,97,6.15,overcast clouds
359,Mullingar,IE,53.5333,-7.35,50.83,96,52,4.94,broken clouds
360,Monki,PL,53.405,22.7979,53.42,86,99,9.33,overcast clouds
361,Radcliff,US,37.8404,-85.9491,70.63,95,1,0.0,clear sky
362,Tinos,GR,37.5375,25.1634,75.96,64,0,9.22,clear sky
363,Krasnoselkup,RU,65.7,82.4667,43.56,78,97,1.7,overcast clouds
364,Upernavik,GL,72.7868,-56.1549,30.13,80,99,8.14,overcast clouds
365,Dubai,AE,25.2582,55.3047,90.59,48,33,10.33,scattered clouds
366,Konevo,RU,62.1215,39.3192,37.58,89,100,5.14,overcast clouds
367,Fershampenuaz,RU,53.5202,59.8117,47.57,62,1,13.67,clear sky
368,Abasha,GE,42.2096,42.2211,68.22,92,92,1.41,overcast clouds
369,Castro,BR,-24.7911,-50.0119,56.84,98,100,7.94,overcast clouds
370,Yarmouth,US,41.7057,-70.2286,75.09,95,20,8.99,few clouds
371,Morshansk,RU,53.4435,41.8107,45.28,72,100,7.92,moderate rain
372,Alcudia,ES,39.8532,3.1214,70.2,70,100,7.52,overcast clouds
373,Shache,CN,38.4167,77.2406,80.04,19,0,4.81,clear sky
374,Mikun,RU,62.3547,50.0771,39.31,98,100,9.22,overcast clouds
375,Glyadyanskoye,RU,54.9075,65.0883,57.76,55,30,12.37,scattered clouds
376,Maragogi,BR,-9.0122,-35.2225,75.51,81,72,7.67,broken clouds
377,Suluktu,KG,39.9337,69.57,69.28,16,0,5.57,clear sky
378,La Sarre,CA,48.8002,-79.1996,46.0,94,3,3.53,light rain
379,Arazede,PT,40.2863,-8.65,66.79,96,2,1.45,clear sky
380,Isagarh,IN,24.8333,77.8833,72.57,98,100,9.04,overcast clouds
381,Marystown,CA,47.1666,-55.1483,52.88,78,95,15.03,overcast clouds
382,Puerto Del Rosario,ES,28.5004,-13.8627,73.15,78,3,8.05,clear sky
383,Springdale,US,36.1867,-94.1288,74.3,77,1,0.0,clear sky
384,Ponta Delgada,PT,37.7333,-25.6667,65.12,88,20,3.44,few clouds
385,Golynki,RU,54.8696,31.3861,36.07,97,6,4.94,clear sky
386,Iralaya,HN,15.0,-83.2333,80.92,82,100,9.17,overcast clouds
387,Back Mountain,US,41.3359,-75.9963,66.69,97,100,3.44,light rain
388,Maniitsoq,GL,65.4167,-52.9,34.66,56,95,7.16,overcast clouds
389,Upata,VE,8.0086,-62.3989,76.19,92,7,2.98,clear sky
390,Sioux Lookout,CA,50.1001,-91.917,59.32,69,76,12.28,broken clouds
391,Maldonado,UY,-34.6667,-54.9167,47.59,78,0,7.2,clear sky
392,Longyearbyen,SJ,78.2186,15.6401,39.04,65,40,17.27,scattered clouds
393,Cravo Norte,CO,6.3017,-70.2041,76.41,87,45,3.36,moderate rain
394,Havoysund,NO,70.9963,24.6622,44.83,78,33,10.33,scattered clouds
395,Saint Marys,US,30.7305,-81.5465,82.0,69,40,8.05,light rain
396,Dikson,RU,73.5069,80.5464,37.67,96,100,26.24,overcast clouds
397,Hubli,IN,15.35,75.1667,74.5,80,94,13.4,overcast clouds
398,Plymouth,US,41.8334,-70.8328,74.17,86,75,5.75,broken clouds
399,Maroantsetra,MG,-15.4333,49.7333,68.65,89,65,3.22,broken clouds
400,Westport,US,41.1415,-73.3579,75.97,89,75,1.99,broken clouds
401,Belyy Yar,RU,53.6039,91.3903,58.89,58,0,2.24,clear sky
402,Ponta Do Sol,PT,32.6667,-17.1,74.03,70,45,5.95,scattered clouds
403,Trofors,NO,65.5333,13.4063,52.95,81,99,4.27,overcast clouds
404,Ribeira Grande,PT,38.5167,-28.7,71.11,78,8,7.34,clear sky
405,Adrar,MR,20.5022,-10.0711,87.98,23,33,13.42,scattered clouds
406,Rio Gallegos,AR,-51.6226,-69.2181,30.25,80,90,6.91,overcast clouds
407,Biltine,TD,14.5333,20.9167,82.8,37,81,2.71,broken clouds
408,Raudeberg,NO,61.9875,5.1352,53.2,85,100,1.61,light rain
409,Senanga,ZM,-16.1167,23.2667,69.01,27,44,3.96,scattered clouds
410,Roald,NO,62.5833,6.1333,54.34,93,75,3.44,broken clouds
411,Letterkenny,IE,54.95,-7.7333,50.36,94,55,3.24,broken clouds
412,Buarcos,PT,40.166,-8.8768,67.55,97,3,2.75,clear sky
413,San Pedro,PH,14.35,121.0167,89.35,68,51,2.51,broken clouds
414,Rosetta,EG,31.4044,30.4164,75.96,63,0,14.94,clear sky
415,Murdochville,CA,48.9583,-65.5006,49.75,97,100,4.36,overcast clouds
416,Plettenberg Bay,ZA,-34.0527,23.3716,54.03,74,39,7.23,light rain
417,Margara,AM,40.0335,44.1771,69.17,48,0,4.68,clear sky
418,Jardim,BR,-21.4803,-56.1381,66.79,89,68,6.11,broken clouds
419,Turayf,SA,31.6725,38.6637,69.96,53,1,7.76,clear sky
420,Zabol,AF,32.25,67.25,74.08,12,0,2.77,clear sky
421,Leh,IN,34.1667,77.5833,58.75,34,2,2.82,clear sky
422,Ajaccio,FR,42.0,8.9167,68.49,56,0,4.61,clear sky
423,Umm Lajj,SA,25.0213,37.2685,82.58,69,10,9.4,clear sky
424,Ginda,IN,30.6945,78.4932,71.69,67,0,3.44,clear sky
425,Sovetsk,RU,55.0839,21.8785,51.3,74,100,11.05,overcast clouds
426,Neubrandenburg,DE,53.5667,13.2667,61.57,93,98,13.13,overcast clouds
427,Gustrow,DE,53.7972,12.1734,61.65,94,75,8.05,broken clouds
428,Arica,CL,-18.475,-70.3042,59.23,82,90,6.91,overcast clouds
429,Bolu,TR,40.6667,31.5833,53.15,94,99,2.04,overcast clouds
430,Kalachinsk,RU,55.0529,74.5751,61.93,61,61,14.23,broken clouds
431,Rio Grande,BR,-32.035,-52.0986,44.94,71,0,4.76,clear sky
432,Bay Roberts,CA,47.5999,-53.2648,50.02,87,100,11.39,overcast clouds
433,Sukhumi,GE,43.0033,41.0153,68.05,88,72,3.18,broken clouds
434,Zanesville,US,39.9404,-82.0132,67.35,92,57,5.26,broken clouds
435,Aluksne,LV,57.4167,27.05,36.09,93,39,2.04,scattered clouds
436,Tyumen,RU,57.1522,65.5272,53.69,94,90,8.95,overcast clouds
437,Agara,GE,42.0376,43.8238,63.72,76,8,0.92,clear sky
438,Vitina,BA,43.2375,17.4839,68.68,53,100,3.02,overcast clouds
439,Naftalan,AZ,40.5067,46.825,67.42,58,0,1.14,clear sky
440,Skegness,GB,53.1436,0.3363,56.57,89,62,5.91,broken clouds
441,Neuquen,AR,-38.9516,-68.0591,51.69,50,0,8.05,clear sky
442,Burdur,TR,37.7203,30.2908,57.9,77,75,14.97,broken clouds
443,Kalabo,ZM,-14.97,22.6814,68.13,25,13,6.49,few clouds
444,Chechat,IN,24.7667,75.8833,78.06,86,84,6.96,broken clouds
445,Namibe,AO,-15.1961,12.1522,60.85,86,25,5.17,scattered clouds
446,General Roca,AR,-39.0333,-67.5833,52.2,45,0,7.87,clear sky
447,Gat,IL,31.61,34.7642,72.39,100,5,2.42,clear sky
448,Penne,IT,42.4538,13.9299,69.42,44,94,5.86,overcast clouds
449,Agadir,MA,30.4202,-9.5982,72.05,86,1,3.85,clear sky
450,Praia Da Vitoria,PT,38.7333,-27.0667,68.76,89,7,5.59,clear sky
451,Albany,US,42.6001,-73.9662,65.8,95,100,1.66,moderate rain
452,Souillac,MU,-20.5167,57.5167,69.37,77,63,9.24,broken clouds
453,Georgiyevka,KZ,43.0369,74.7114,66.24,42,40,2.24,scattered clouds
454,Lagoa,PT,39.05,-27.9833,70.12,78,7,7.76,clear sky
455,Bokovskaya,RU,49.229,41.8306,52.09,46,70,5.01,broken clouds
456,Parrita,CR,9.5201,-84.3225,83.98,89,100,2.24,overcast clouds
457,Dombarovskiy,RU,50.7587,59.5386,61.54,60,7,13.53,clear sky
458,Shamary,RU,57.3434,58.2199,40.1,94,100,10.96,overcast clouds
459,Sorata,BO,-15.7667,-68.6333,46.99,95,100,6.29,overcast clouds
460,Shakhtinsk,KZ,49.71,72.5872,59.56,19,9,8.28,clear sky
461,Barra Do Garcas,BR,-15.89,-52.2567,80.02,23,4,1.63,clear sky
462,Beysehir,TR,37.6773,31.7246,55.78,79,100,10.0,overcast clouds
463,Mantua,IT,45.1667,10.7833,73.17,73,98,1.99,overcast clouds
464,Turka,UA,49.1541,23.0297,53.26,85,47,6.11,scattered clouds
465,Rocha,UY,-34.4833,-54.3333,46.89,81,0,6.71,clear sky
466,Gwadar,PK,25.1216,62.3254,85.03,59,91,2.37,overcast clouds
467,Svarstad,NO,59.399,9.9698,54.95,94,100,5.57,overcast clouds
468,Phalombe,MW,-15.8064,35.6507,68.36,43,6,2.39,clear sky
469,Boddam,GB,57.4667,-1.7833,56.71,95,100,6.35,overcast clouds
470,Kashi,CN,39.4547,75.9797,77.23,22,1,1.01,clear sky
471,San Juan,AR,-31.5375,-68.5364,61.74,19,0,0.34,clear sky
472,Rantoul,US,40.3084,-88.1559,63.97,70,1,4.61,clear sky
473,Rorvik,NO,64.8621,11.2373,51.78,81,0,4.61,clear sky
474,Tarancon,ES,40.0085,-3.0073,59.34,71,2,2.75,clear sky
475,Mocuba,MZ,-16.8392,36.9856,70.7,63,43,3.47,scattered clouds
476,Dakoro,NE,14.5106,6.765,83.95,55,12,8.14,few clouds
477,Kapuskasing,CA,49.4169,-82.4331,46.65,88,47,5.37,light rain
478,Koryazhma,RU,61.3143,47.1691,42.39,91,100,9.91,overcast clouds
479,Mehran,IR,33.1222,46.1646,88.2,13,0,10.51,clear sky
480,Cayenne,GF,4.9333,-52.3333,83.08,82,0,0.0,clear sky
481,Talnakh,RU,69.4865,88.3972,38.12,98,100,10.38,light rain
482,Faya,SA,18.3851,42.4509,64.92,51,16,1.74,few clouds
483,Atar,MR,20.5169,-13.0499,88.57,27,79,12.41,broken clouds
484,Sao Filipe,CV,14.8961,-24.4956,79.99,81,31,5.64,scattered clouds
485,Chapais,CA,49.7834,-74.8492,44.26,98,13,4.36,few clouds
486,Chik,RU,54.9928,82.4311,64.18,63,0,6.71,clear sky
487,Sharjah,AE,25.3573,55.4033,91.69,41,0,6.91,clear sky
488,Sao Joao Da Barra,BR,-21.6403,-41.0511,73.63,90,89,6.82,overcast clouds
489,Tanout,NE,14.9709,8.8879,85.24,42,6,7.74,clear sky
490,Lyaskelya,RU,61.7667,31.0167,39.27,85,97,5.17,overcast clouds
491,Ilulissat,GL,69.2167,-51.1,28.42,50,20,28.77,few clouds
492,Emba,KZ,48.8264,58.1442,68.02,42,81,13.71,broken clouds
493,Kazanlak,BG,42.6167,25.4,60.03,65,20,2.28,few clouds
494,Codrington,AU,-38.2667,141.9667,58.73,59,27,6.06,scattered clouds
495,Blantyre,MW,-15.785,35.0085,67.95,38,7,5.06,clear sky
496,Nukus,UZ,42.4531,59.6103,75.18,14,0,6.91,clear sky
497,Vestmannaeyjar,IS,63.4427,-20.2734,53.53,95,100,28.88,overcast clouds
498,Pitea,SE,65.3172,21.4794,38.08,77,100,1.01,overcast clouds
499,Kungsbacka,SE,57.4872,12.0761,54.07,91,100,20.38,light rain
500,Trudarmeyskiy,RU,54.132,86.4098,59.99,50,97,5.35,overcast clouds
501,Bud,US,39.447,-86.1758,64.22,91,0,6.55,clear sky
502,Atbasar,KZ,51.8,68.3333,66.94,45,94,20.56,overcast clouds
503,Kiknur,RU,57.3034,47.2011,40.5,87,100,11.03,overcast clouds
504,Punta Arenas,CL,-53.15,-70.9167,30.31,74,40,4.61,scattered clouds
505,Tinglev,DK,54.931,9.2524,60.84,93,92,13.8,overcast clouds
506,Krotovka,RU,53.2858,51.1686,48.52,69,59,4.54,broken clouds
507,Godda,IN,24.8333,87.2167,81.68,83,98,1.36,overcast clouds
508,Kruisfontein,ZA,-34.0033,24.7314,49.89,77,8,7.02,clear sky
509,Izhma,RU,65.0083,53.9113,42.22,85,100,4.83,overcast clouds
510,Turkan,AZ,40.3639,50.215,68.18,94,0,2.3,clear sky
511,Birjand,IR,32.8663,59.2211,78.04,12,0,15.64,clear sky
512,Key West,US,24.5557,-81.7826,81.0,70,26,12.03,scattered clouds
513,Havre-Saint-Pierre,CA,50.2334,-63.5986,53.96,100,90,4.61,mist
514,Olafsvik,IS,64.8945,-23.7142,52.68,93,100,16.82,overcast clouds
515,General Pico,AR,-35.6566,-63.7568,50.74,43,0,3.94,clear sky
516,Orativ,UA,49.1889,29.527,54.37,57,52,3.22,broken clouds
517,Svarychiv,UA,48.9622,24.1966,56.32,81,61,4.18,broken clouds
518,Copacabana,CO,6.3463,-75.5089,65.01,98,78,2.08,broken clouds
519,Harrisburg,US,40.2737,-76.8844,71.11,90,90,3.0,overcast clouds
520,Richmond,US,37.5538,-77.4603,77.14,90,75,5.75,broken clouds
521,Marzuq,YE,14.4,46.4667,81.19,42,74,2.21,broken clouds
522,San Carlos,VE,9.6612,-68.5827,72.84,91,10,2.66,clear sky
523,Zemio,CF,5.0314,25.1361,69.26,97,100,0.43,overcast clouds
524,Charlestown,AU,-32.95,151.6667,62.94,82,42,1.99,scattered clouds
525,Xocali,AZ,39.913,46.7903,68.22,56,0,2.28,clear sky
526,Ornskoldsvik,SE,63.2909,18.7153,33.62,100,55,3.44,mist
527,Sainte-Maxime,FR,43.3,6.6333,73.69,96,99,2.51,light rain
528,Krasnyy Yar,RU,46.5331,48.3456,60.73,32,1,7.47,clear sky
529,Vordingborg,DK,55.008,11.9106,62.02,90,93,17.85,overcast clouds
530,Siatista,GR,40.2619,21.5442,56.46,52,59,3.11,broken clouds
531,Carrickfergus,GB,54.7158,-5.8058,52.54,98,57,4.61,broken clouds
532,Laguna,US,38.421,-121.4238,79.3,65,1,3.0,smoke
533,Saint Anthony,US,45.0205,-93.218,70.92,50,40,5.01,scattered clouds
534,Shar,KZ,49.5886,81.0453,68.14,14,98,1.79,overcast clouds
535,Oytal,KZ,42.9057,73.2697,79.05,17,100,9.82,overcast clouds
536,Griffin,US,33.2468,-84.2641,70.27,95,90,0.0,light rain
537,Skibbereen,IE,51.55,-9.2667,51.6,93,10,6.98,clear sky
538,Koslan,RU,63.4564,48.8989,40.42,95,100,7.67,overcast clouds
539,Fraga,ES,41.5229,0.3489,68.83,76,99,1.01,overcast clouds
540,Acari,PE,-15.4311,-74.6158,64.78,70,87,4.47,overcast clouds
541,Nakambala,ZM,-15.8324,27.7799,68.86,32,10,7.61,clear sky
542,Marstal,DK,54.8562,10.5173,60.71,93,94,19.06,overcast clouds
543,Zliv,CZ,49.0661,14.3661,64.63,88,100,3.02,overcast clouds
544,Riviere-Au-Renard,CA,48.9957,-64.3971,54.9,99,100,6.96,overcast clouds
545,Ust-Koksa,RU,50.2696,85.6108,59.0,29,100,1.52,overcast clouds
546,Chakia,IN,26.4167,85.05,77.02,94,100,8.77,overcast clouds
547,Taiobeiras,BR,-15.8078,-42.2331,63.36,50,0,4.32,clear sky
548,Sterlibashevo,RU,53.4376,55.2578,44.92,70,3,10.63,clear sky
549,Corning,US,42.1428,-77.0547,61.23,96,1,0.0,clear sky
550,Brezovo,BG,42.35,25.0833,61.39,65,6,2.37,clear sky
551,Qaqortoq,GL,60.7167,-46.0333,34.3,61,34,4.05,scattered clouds
552,Chhabra,IN,24.6667,76.8333,76.5,92,94,9.28,overcast clouds
553,Juybar,IR,36.6412,52.9124,72.79,83,54,2.91,broken clouds
554,Gonbad-E Qabus,IR,37.25,55.1672,76.26,72,3,3.89,clear sky
555,Aguas Vermelhas,BR,-15.7472,-41.46,62.17,84,0,3.18,clear sky
556,Sakakah,SA,29.9697,40.2064,79.03,27,1,4.27,clear sky
557,Rajauri,IN,33.3833,74.3,80.78,56,0,3.02,clear sky
558,Uspenka,UA,48.3903,39.1619,53.2,45,22,3.24,few clouds
559,Klaksvik,FO,62.2266,-6.589,50.92,80,92,5.28,overcast clouds
560,Bajram Curri,AL,42.3554,20.0784,64.53,54,100,4.07,overcast clouds
561,Ostrovnoy,RU,68.0531,39.5131,42.26,96,100,22.57,overcast clouds
562,Rovaniemi,FI,66.5,25.7167,38.61,93,90,4.61,overcast clouds
563,Smiltene,LV,57.4244,25.9016,37.54,95,10,4.56,clear sky
564,Rusape,ZW,-18.5278,32.1284,59.59,43,2,6.35,clear sky
565,Dale,US,38.1689,-86.99,68.74,100,1,5.75,clear sky
566,Porto Torres,IT,40.835,8.3972,71.78,79,80,11.1,broken clouds
567,Kapustin Yar,RU,48.5831,45.7372,56.12,42,0,5.95,clear sky
568,Puno,PE,-15.8333,-70.0333,47.3,78,100,9.57,moderate rain
569,Antalaha,MG,-14.9003,50.2788,71.73,74,47,5.68,scattered clouds
570,Bulri,PK,24.8667,68.3333,93.29,53,3,6.55,clear sky
571,Sainte-Marie,RE,-20.8968,55.5496,73.78,69,90,10.36,overcast clouds
572,Barkhan,PK,29.8977,69.5256,83.17,48,0,8.14,clear sky
573,Casablanca,MA,33.5928,-7.6192,68.22,81,11,3.65,few clouds
574,Awbari,LY,26.5921,12.7805,72.84,23,0,7.76,clear sky
575,Zelenogradsk,RU,54.9589,20.4767,53.65,94,0,11.18,clear sky
576,Sant Julia De Loria,AD,42.4625,1.4825,60.57,84,99,2.95,overcast clouds
577,Enugu,NG,6.4402,7.4943,73.04,97,100,6.6,overcast clouds
578,Schererville,US,41.4789,-87.4548,67.77,81,1,0.0,clear sky
579,Osakarovka,KZ,50.565,72.5692,63.72,24,26,11.39,scattered clouds
580,Chudniv,UA,50.052,28.1175,49.39,73,84,5.95,broken clouds
581,Viedma,AR,-40.8135,-62.9967,50.85,43,10,5.23,clear sky
582,Hihya,EG,30.6713,31.588,76.08,80,0,4.14,clear sky
583,Melito Di Porto Salvo,IT,37.9222,15.7714,76.55,64,15,10.36,few clouds
584,Bredasdorp,ZA,-34.5322,20.0403,48.27,84,85,5.17,overcast clouds
585,Chuy,UY,-33.6971,-53.4616,47.75,80,0,5.79,clear sky
586,San Esteban,HN,15.2,-85.75,85.1,92,100,2.77,overcast clouds
587,Ushuaia,AR,-54.8,-68.3,25.18,88,56,4.43,broken clouds
588,Shadegan,IR,30.6497,48.6647,88.14,16,0,9.33,clear sky
589,Vigrestad,NO,58.5667,5.7,56.88,81,100,7.45,overcast clouds
590,Port-Cartier,CA,50.0334,-66.8654,52.02,93,100,5.99,overcast clouds
591,Vasto,IT,42.1243,14.7059,71.46,51,96,5.61,overcast clouds
592,Itarema,BR,-2.9248,-39.9167,78.76,86,9,15.05,clear sky
593,Pirmasens,DE,49.2015,7.6053,61.84,98,100,2.91,overcast clouds
594,Ozinki,RU,51.1786,49.6769,51.6,61,46,7.87,scattered clouds
595,Logrono,ES,42.4667,-2.45,65.39,92,75,8.05,broken clouds
596,Westerland,DE,54.9079,8.3033,61.02,94,90,14.97,overcast clouds
597,The Valley,AI,18.217,-63.0578,83.1,77,100,18.23,overcast clouds
598,Danville,US,36.586,-79.395,76.42,79,1,0.0,clear sky
599,Tsybli,UA,49.9948,31.5628,39.33,53,5,4.9,clear sky
600,Merke,KZ,42.8728,73.1786,78.71,18,99,8.61,overcast clouds
601,Guiglo,CI,6.5456,-7.4966,70.88,100,100,1.86,overcast clouds
602,Akdepe,TM,42.0551,59.3788,75.2,11,0,6.58,clear sky
603,Ancud,CL,-41.8697,-73.8203,49.53,87,100,13.76,light rain
604,Matagami,CA,49.7502,-77.6328,42.91,100,1,4.61,mist
605,Burgos,ES,42.3394,-3.7079,57.61,94,90,5.75,overcast clouds
606,Navoi,UZ,40.0844,65.3792,67.48,40,0,6.91,clear sky
607,Severodvinsk,RU,64.5635,39.8302,35.71,78,84,12.57,broken clouds
608,Mithi,PK,24.7318,69.7981,89.8,62,4,7.99,clear sky
609,Sabha,LY,27.0377,14.4283,73.58,32,0,10.29,clear sky
610,Sirvintos,LT,55.05,24.95,47.62,83,36,8.21,scattered clouds
611,Jaca,ES,42.569,-0.5499,57.4,83,92,2.98,overcast clouds
612,Corrales,US,35.2378,-106.6067,79.25,22,2,1.99,clear sky
613,Yarada,IN,17.65,83.2667,88.12,70,40,11.5,haze
614,Den Helder,NL,52.9599,4.7593,60.78,88,90,12.66,overcast clouds
615,Semey,KZ,50.4111,80.2275,59.22,41,0,4.47,clear sky
616,Turukhansk,RU,65.8167,87.9833,41.72,84,99,8.12,overcast clouds
617,Jodar,ES,37.8406,-3.3526,62.55,80,0,1.05,clear sky
618,Soubre,CI,5.7856,-6.6083,71.11,99,100,0.96,overcast clouds
619,Arraial Do Cabo,BR,-22.9661,-42.0278,71.46,96,79,12.19,broken clouds
620,Port Alfred,ZA,-33.5906,26.891,57.31,76,63,10.67,light rain
621,Skeldon,GY,5.8833,-57.1333,77.76,89,4,6.29,clear sky
622,Atasu,KZ,48.6814,71.6433,67.77,15,12,4.23,few clouds
623,Polovinnoye,RU,54.7914,65.9864,57.63,72,96,11.12,overcast clouds
624,Shafranovo,RU,53.9667,54.7667,44.53,66,6,9.48,clear sky
625,Cidreira,BR,-30.1811,-50.2056,55.27,67,54,3.96,broken clouds
626,Mussomeli,IT,37.5778,13.7513,67.39,54,15,2.33,few clouds
627,Russkaya Polyana,UA,49.417,31.9201,48.79,52,25,3.22,scattered clouds
628,Coihaique,CL,-45.5752,-72.0662,46.35,81,90,3.44,light rain
629,Gharo,PK,24.7424,67.5856,91.62,56,7,5.97,clear sky
630,Krapivinskiy,RU,54.9992,86.8133,56.84,73,100,5.5,overcast clouds
631,Port Shepstone,ZA,-30.7414,30.455,61.41,89,100,6.82,moderate rain
632,Badarwas,IN,24.9667,77.5667,73.49,96,100,8.16,overcast clouds
633,Kumylzhenskaya,RU,49.8809,42.5898,50.2,49,28,5.35,scattered clouds
634,Ghorawal,IN,24.7667,82.7833,80.47,80,97,15.68,overcast clouds
635,Urumqi,CN,43.801,87.6005,72.55,31,0,6.71,clear sky
636,Svetlogorsk,BY,52.6333,29.7333,42.44,77,19,5.23,few clouds
637,Dasoguz,TM,41.8363,59.9666,73.35,31,0,6.91,clear sky
638,Kuryk,KZ,43.2,51.65,74.1,34,0,9.17,clear sky
639,Nicoya,CR,10.1483,-85.452,71.15,92,100,1.74,light rain
640,Omsk,RU,55.0,73.4,58.89,67,40,6.71,scattered clouds
641,Katastarion,GR,37.8333,20.7667,64.29,82,0,0.0,clear sky
642,Mecca,SA,21.4267,39.8261,83.39,50,39,5.3,scattered clouds
643,Taraz,KZ,42.9,71.3667,77.29,19,59,2.24,broken clouds
644,Sayyan,YE,15.1718,44.3244,64.11,25,100,7.65,overcast clouds
645,Blagoveshchensk,RU,50.2667,127.5333,63.21,77,40,8.95,light rain
646,Crestview,US,30.7621,-86.5705,78.39,83,90,3.0,overcast clouds
647,Long Beach,US,33.767,-118.1892,73.56,87,1,6.91,clear sky
648,Moose Factory,CA,51.2585,-80.6094,46.87,95,11,5.57,few clouds
649,Kaoma,ZM,-14.7833,24.8,63.68,42,54,1.57,broken clouds
650,Laytown,IE,53.6819,-6.2392,55.0,94,42,7.81,scattered clouds
651,Kafue,ZM,-15.7691,28.1814,65.89,35,10,4.32,clear sky
652,Schwerin,DE,53.6294,11.4132,60.71,98,98,7.0,overcast clouds
653,Caravelas,BR,-17.7125,-39.2481,74.07,83,1,8.34,clear sky
654,Panaba,MX,21.2833,-88.2667,77.2,86,80,7.38,broken clouds
655,Mopti,ML,14.6667,-4.0,80.22,74,98,5.48,overcast clouds
656,Weymouth,US,42.2209,-70.9398,74.25,91,1,1.01,clear sky
657,Poletayevo,RU,55.0336,61.1138,48.02,69,1,15.93,clear sky
658,Jashpurnagar,IN,22.9,84.15,76.96,80,99,8.48,overcast clouds
659,Carahue,CL,-38.7,-73.1667,39.4,93,6,1.66,clear sky
660,Brigantine,US,39.4101,-74.3646,75.99,91,1,6.91,clear sky
661,Pedernales,DO,18.0384,-71.744,81.14,73,4,3.8,clear sky
662,Saint-Philippe,RE,-21.3585,55.7679,73.22,81,20,10.31,few clouds
663,Camacha,PT,33.0833,-16.3333,70.56,78,20,12.66,few clouds
664,Zhanaozen,KZ,43.3,52.8,72.84,29,0,12.1,clear sky
665,East London,ZA,-33.0153,27.9116,58.66,70,99,13.6,overcast clouds
666,Forio,IT,40.7342,13.8646,73.45,85,81,1.01,broken clouds
667,Bakel,SN,14.905,-12.4568,77.74,79,99,5.35,overcast clouds
668,Srirampur,IN,22.9489,88.0189,87.64,85,100,3.71,overcast clouds
669,Shepetivka,UA,50.1855,27.0637,50.16,76,63,6.44,broken clouds
670,Husavik,IS,66.0449,-17.3389,52.48,77,98,12.95,overcast clouds
671,Aktash,RU,50.3,87.7333,52.45,21,52,2.68,broken clouds
672,Antsohihy,MG,-14.8796,47.9875,72.95,59,20,5.53,few clouds
673,Salekhard,RU,66.53,66.6019,42.6,83,99,16.2,overcast clouds
674,Podgorica,ME,42.4411,19.2636,67.78,64,0,1.14,clear sky
675,Verkhnyaya Inta,RU,65.9811,60.3094,43.2,75,90,13.8,overcast clouds
676,Marysville,US,48.0518,-122.1771,58.71,77,1,1.01,clear sky
677,Rawson,AR,-43.3002,-65.1023,54.91,50,4,17.76,clear sky
678,Benin,BJ,9.5,2.25,71.92,95,100,4.43,overcast clouds
679,Menongue,AO,-14.6585,17.691,58.5,26,41,2.19,scattered clouds
680,Itapirapua,BR,-15.8233,-50.6133,82.2,22,10,2.62,clear sky
681,Xacmaz,AZ,41.4635,48.806,72.32,43,0,3.78,clear sky
682,Uyemskiy,RU,64.4743,40.8524,35.65,100,40,4.47,scattered clouds
683,Mezen,RU,65.8522,44.24,41.0,93,81,6.8,broken clouds
684,Guanica,PR,17.9716,-66.908,82.02,79,100,1.99,overcast clouds
685,Nalut,LY,30.3333,10.85,74.14,28,0,8.9,clear sky
686,Isilkul,RU,54.9109,71.2728,63.39,62,100,11.92,overcast clouds
687,Asgabat,TM,37.95,58.3833,82.26,26,0,4.61,clear sky
688,Taywarah,AF,33.35,64.4167,61.59,9,0,5.12,clear sky
689,Santa Lucia,ES,27.9117,-15.5407,66.11,78,20,11.5,few clouds
690,Rock Sound,BS,24.9,-76.2,82.98,69,47,6.51,scattered clouds
691,Torbay,CA,47.6666,-52.7314,49.26,88,100,1.99,overcast clouds
692,Zelenoborsk,RU,61.4669,64.0333,42.12,96,100,12.97,light rain
693,Juan Lacaze,UY,-34.4342,-57.4381,51.12,72,0,13.33,clear sky
694,Araguari,BR,-18.6472,-48.1872,74.19,27,27,4.07,scattered clouds
695,Gagnoa,CI,6.1293,-5.9437,70.41,99,100,1.88,overcast clouds
696,Kemi,FI,65.8596,24.8228,37.17,93,90,2.3,overcast clouds
697,Nema,RU,57.5067,50.5011,37.31,87,98,8.25,overcast clouds
698,Seaham,GB,54.839,-1.3458,57.07,90,36,1.01,scattered clouds
699,Selty,RU,57.3132,52.1345,38.84,94,99,8.05,overcast clouds
700,Marsh Harbour,BS,26.5412,-77.0636,82.26,70,25,5.39,scattered clouds
701,Shelburne,CA,44.0787,-80.2041,56.28,86,0,3.0,clear sky
702,Buinsk,RU,54.95,48.2833,47.64,63,99,9.51,overcast clouds
703,Novosheshminsk,RU,55.0651,51.2338,45.72,66,75,12.06,broken clouds
704,San Matias,BO,-16.3667,-58.4,79.11,57,21,0.58,few clouds
705,Kuhdasht,IR,33.535,47.6061,79.12,17,0,2.57,clear sky
706,El Juncal,HN,15.45,-86.4333,79.27,92,92,3.11,overcast clouds
707,Waounde,SN,15.2637,-12.8682,78.42,71,100,15.21,overcast clouds
708,Consett,GB,54.854,-1.8316,55.51,93,34,3.89,scattered clouds
709,Grindavik,IS,63.8424,-22.4338,52.27,93,90,18.41,overcast clouds
710,Alekseyevskoye,RU,55.3071,50.1135,43.48,69,75,13.56,broken clouds
711,Alice Town,BS,25.7167,-79.3,82.83,69,1,5.99,clear sky
712,Kristiansund,NO,63.1115,7.732,52.45,87,90,0.0,light intensity drizzle
713,Ostersund,SE,63.1792,14.6357,45.05,87,40,12.66,scattered clouds
714,Nova Vicosa,BR,-17.8919,-39.3719,73.83,87,4,10.36,clear sky
715,Bilecik,TR,40.0,30.1667,57.88,89,100,4.7,overcast clouds
716,Mehamn,NO,71.0357,27.8492,44.78,87,75,6.91,broken clouds
717,Pangody,RU,65.85,74.4859,42.71,79,46,6.22,scattered clouds
718,San Rafael,AR,-34.6177,-68.3301,56.19,23,0,6.04,clear sky
719,Cuenca,EC,-2.8833,-78.9833,53.65,89,97,3.09,light rain
720,Jiwani,PK,25.05,61.7417,84.02,62,100,5.44,overcast clouds
721,Taoudenni,ML,22.6783,-3.9836,91.69,31,5,10.04,clear sky
722,Floro,NO,61.5996,5.0328,55.47,100,90,0.0,light intensity shower rain
723,Nantucket,US,41.2835,-70.0995,75.09,94,1,10.36,clear sky
724,Greensburg,US,40.3015,-79.5389,66.61,97,75,0.0,mist
725,Patrocinio,BR,-18.9439,-46.9925,72.66,30,7,3.06,clear sky
